smoke,flame,temperature,humidity,label
789,1,93.3,22.0,2
948,1,67.0,13.3,2
44,0,32.3,61.4,0
376,0,53.8,36.2,1
129,0,34.0,67.8,0
857,1,86.9,15.8,2
141,0,26.9,53.8,0
918,1,87.9,22.4,2
386,0,40.1,26.7,1
846,1,86.0,10.1,2
767,1,72.3,13.1,2
130,0,26.0,44.2,0
166,0,21.2,63.8,0
847,1,56.9,12.6,2
97,0,24.1,61.1,0
27,0,26.4,45.0,0
354,0,38.7,39.7,1
394,0,42.7,36.4,1
923,1,56.6,18.3,2
258,0,38.1,30.8,1
160,0,23.5,52.8,0
214,0,43.5,27.2,1
206,0,44.6,36.4,1
7,0,25.0,67.1,0
62,0,25.0,55.1,0
89,0,23.1,52.2,0
283,0,45.1,29.1,1
274,0,49.5,25.1,1
34,0,33.9,43.5,0
344,0,42.3,28.6,1
23,0,28.5,40.3,0
955,1,79.6,10.2,2
254,0,46.3,25.5,1
461,0,50.8,29.7,1
171,0,30.8,41.6,0
271,0,36.0,36.6,1
442,0,48.2,35.1,1
49,0,21.4,49.5,0
67,0,25.1,61.1,0
432,0,45.6,25.3,1
916,1,89.8,17.2,2
128,0,20.6,53.7,0
640,1,55.9,15.9,2
47,0,29.0,43.6,0
572,1,80.2,21.2,2
50,0,33.4,59.1,0
60,0,21.3,49.4,0
129,0,34.7,65.2,0
63,0,20.6,42.6,0
143,0,34.1,50.1,0
239,0,35.9,38.6,1
821,1,64.6,18.2,2
98,0,32.7,50.9,0
27,0,28.2,54.4,0
603,1,97.7,18.1,2
127,0,34.6,68.9,0
875,1,89.4,17.3,2
759,1,69.2,22.2,2
621,1,66.4,19.5,2
115,0,32.6,59.8,0
152,0,27.9,48.1,0
170,0,34.2,46.2,0
130,0,33.9,69.4,0
47,0,27.5,52.9,0
184,0,33.0,47.4,0
862,1,79.8,14.5,2
131,0,30.3,65.5,0
414,0,47.0,39.7,1
374,0,38.0,27.5,1
415,0,46.0,37.6,1
347,0,54.3,29.1,1
174,0,23.6,40.7,0
656,1,82.2,14.7,2
13,0,26.6,68.0,0
53,0,27.0,53.2,0
417,0,35.4,39.9,1
189,0,30.6,49.0,0
89,0,21.4,46.2,0
1004,1,97.7,20.7,2
905,1,85.0,11.8,2
955,1,60.3,21.8,2
1,0,34.9,57.9,0
731,1,57.3,20.1,2
162,0,25.1,63.2,0
391,0,50.3,39.7,1
988,1,67.4,21.3,2
864,1,96.9,17.7,2
83,0,22.2,48.3,0
842,1,80.8,18.6,2
427,0,42.7,39.5,1
238,0,43.0,25.8,1
336,0,42.5,26.4,1
36,0,24.6,59.0,0
66,0,25.1,66.3,0
700,1,61.9,13.7,2
403,0,51.6,26.4,1
421,0,46.9,36.5,1
984,1,78.9,17.7,2
130,0,27.2,52.7,0
161,0,26.4,52.7,0
461,0,42.3,29.1,1
102,0,24.5,42.3,0
436,0,39.0,35.8,1
43,0,34.2,51.7,0
732,1,74.6,24.9,2
424,0,40.3,27.9,1
612,1,64.9,21.4,2
919,1,65.8,16.0,2
677,1,97.9,17.7,2
712,1,65.4,18.9,2
92,0,25.3,55.9,0
500,1,84.8,10.8,2
28,0,31.7,63.6,0
574,1,92.6,22.9,2
263,0,39.9,35.3,1
638,1,87.4,19.2,2
96,0,26.2,64.8,0
12,0,34.0,43.4,0
497,0,52.3,37.7,1
136,0,26.1,51.3,0
259,0,45.3,37.0,1
652,1,76.3,23.3,2
669,1,73.1,11.8,2
998,1,75.8,18.2,2
260,0,41.9,38.8,1
708,1,63.6,23.4,2
127,0,22.7,69.0,0
36,0,23.8,43.0,0
372,0,39.2,36.0,1
210,0,36.3,28.4,1
98,0,23.1,64.5,0
730,1,95.8,21.7,2
98,0,24.5,54.5,0
183,0,25.4,42.6,0
1016,1,89.3,21.3,2
404,0,48.4,33.2,1
285,0,50.7,30.3,1
280,0,45.0,35.3,1
237,0,45.9,27.9,1
1013,1,83.9,19.6,2
662,1,60.6,18.2,2
473,0,52.3,33.1,1
85,0,29.1,54.4,0
378,0,39.8,26.5,1
469,0,39.5,28.5,1
423,0,47.8,25.9,1
219,0,48.1,30.7,1
461,0,41.3,37.0,1
259,0,42.6,26.3,1
423,0,51.9,32.9,1
987,1,89.3,10.2,2
81,0,31.5,68.7,0
494,0,46.6,28.8,1
129,0,20.7,64.0,0
734,1,86.1,21.8,2
461,0,52.3,38.2,1
135,0,30.4,40.2,0
51,0,21.0,54.5,0
764,1,83.4,21.4,2
83,0,26.8,68.6,0
715,1,70.9,12.7,2
849,1,97.6,17.5,2
915,1,93.1,24.2,2
177,0,30.9,60.7,0
146,0,31.9,52.1,0
567,1,85.4,16.8,2
187,0,28.6,62.6,0
832,1,80.7,19.8,2
561,1,59.7,12.8,2
48,0,32.4,63.0,0
363,0,50.6,26.0,1
863,1,95.4,16.7,2
168,0,23.1,50.5,0
151,0,29.3,42.0,0
117,0,23.6,54.4,0
257,0,47.8,31.9,1
127,0,32.9,69.3,0
661,1,70.5,16.7,2
199,0,30.3,61.9,0
406,0,50.7,26.9,1
316,0,40.0,39.8,1
775,1,55.1,19.5,2
38,0,24.8,55.8,0
1008,1,74.2,20.1,2
119,0,32.1,42.7,0
761,1,91.4,16.2,2
468,0,36.4,28.3,1
507,1,87.9,16.5,2
425,0,42.5,25.2,1
434,0,45.5,31.0,1
534,1,73.7,18.9,2
437,0,38.8,30.5,1
74,0,20.1,60.9,0
631,1,81.1,13.7,2
394,0,40.9,33.7,1
58,0,30.2,56.0,0
83,0,29.6,61.6,0
930,1,81.2,14.2,2
733,1,57.1,15.2,2
6,0,23.8,54.9,0
702,1,94.4,14.9,2
823,1,99.6,21.8,2
393,0,41.5,39.2,1
655,1,99.8,23.9,2
896,1,65.0,20.5,2
53,0,25.8,57.1,0
307,0,42.1,35.6,1
412,0,38.5,26.9,1
223,0,52.0,26.4,1
626,1,83.3,16.5,2
824,1,94.5,11.2,2
450,0,43.2,39.6,1
494,0,37.5,34.2,1
800,1,61.9,13.2,2
810,1,96.9,19.0,2
81,0,30.4,46.5,0
416,0,37.4,37.7,1
69,0,21.2,64.9,0
496,0,46.9,32.8,1
333,0,39.6,28.4,1
949,1,84.9,18.0,2
506,1,75.7,19.5,2
623,1,95.3,13.2,2
985,1,65.4,16.9,2
151,0,31.8,68.8,0
494,0,51.0,34.5,1
465,0,52.6,38.5,1
189,0,23.9,42.0,0
67,0,23.4,52.2,0
271,0,50.4,26.3,1
32,0,29.0,63.7,0
98,0,28.7,47.7,0
930,1,78.1,18.6,2
291,0,46.5,39.7,1
943,1,92.3,11.2,2
127,0,27.1,52.5,0
592,1,94.5,19.3,2
211,0,40.1,39.9,1
927,1,71.0,10.3,2
689,1,60.9,23.4,2
144,0,27.7,64.2,0
272,0,54.5,26.9,1
105,0,32.1,58.7,0
923,1,56.9,21.1,2
4,0,27.4,51.2,0
392,0,41.0,36.2,1
283,0,51.5,27.8,1
709,1,67.4,22.9,2
198,0,31.0,62.5,0
26,0,21.5,43.1,0
419,0,43.1,28.1,1
187,0,28.5,56.2,0
157,0,20.9,53.7,0
141,0,25.8,42.1,0
540,1,88.3,20.1,2
598,1,92.8,23.3,2
125,0,20.9,64.2,0
281,0,54.5,32.3,1
103,0,28.0,59.4,0
907,1,91.4,20.0,2
239,0,45.5,36.2,1
191,0,20.0,56.7,0
534,1,55.0,14.7,2
365,0,54.5,25.3,1
272,0,47.1,30.6,1
463,0,36.0,27.5,1
450,0,52.4,35.5,1
221,0,41.7,38.8,1
877,1,64.2,16.4,2
208,0,47.6,27.4,1
479,0,40.4,37.8,1
209,0,44.9,31.1,1
466,0,42.6,35.0,1
930,1,88.9,11.4,2
98,0,21.3,65.1,0
189,0,22.1,56.5,0
88,0,24.9,61.2,0
138,0,21.1,58.7,0
306,0,54.6,32.4,1
130,0,25.7,59.5,0
763,1,73.3,20.2,2
861,1,95.8,24.1,2
14,0,30.6,65.5,0
979,1,71.7,23.9,2
226,0,46.6,38.2,1
884,1,61.7,20.2,2
315,0,37.8,34.9,1
905,1,98.9,16.8,2
364,0,44.2,25.3,1
662,1,72.6,24.8,2
219,0,46.5,25.8,1
511,1,97.1,24.0,2
460,0,37.3,33.2,1
552,1,94.6,16.5,2
14,0,29.4,46.1,0
332,0,54.8,38.1,1
258,0,51.4,30.8,1
840,1,98.8,24.0,2
875,1,61.3,19.0,2
1007,1,74.6,22.4,2
1004,1,85.7,18.8,2
887,1,90.2,20.8,2
171,0,25.0,64.2,0
636,1,66.1,10.2,2
463,0,41.4,31.6,1
761,1,92.7,15.6,2
953,1,62.4,23.1,2
174,0,22.4,45.6,0
34,0,21.8,47.1,0
515,1,83.5,24.7,2
112,0,33.8,65.2,0
116,0,22.9,66.9,0
291,0,45.4,26.9,1
659,1,98.3,16.4,2
115,0,34.7,65.1,0
339,0,46.6,32.1,1
344,0,53.9,26.1,1
547,1,79.6,13.5,2
420,0,44.7,37.3,1
936,1,60.6,24.7,2
449,0,54.3,36.4,1
567,1,56.5,23.1,2
422,0,51.3,30.6,1
292,0,54.9,36.0,1
913,1,90.1,20.7,2
238,0,46.9,25.7,1
385,0,38.8,38.2,1
41,0,23.6,55.9,0
939,1,64.9,21.8,2
23,0,24.2,43.7,0
345,0,44.6,39.4,1
92,0,22.0,54.6,0
188,0,26.3,41.7,0
145,0,31.9,44.9,0
625,1,73.7,15.6,2
426,0,40.8,39.5,1
295,0,38.5,38.8,1
80,0,22.5,47.6,0
613,1,57.3,15.2,2
160,0,20.6,46.0,0
682,1,86.8,14.0,2
16,0,28.0,62.4,0
993,1,76.4,11.1,2
306,0,35.7,31.2,1
365,0,45.1,33.2,1
319,0,48.0,27.3,1
220,0,42.4,36.1,1
236,0,50.9,36.0,1
563,1,95.0,23.1,2
154,0,34.0,42.8,0
146,0,31.2,57.0,0
47,0,28.8,63.1,0
187,0,32.9,69.0,0
114,0,25.2,42.6,0
456,0,47.3,39.6,1
20,0,23.8,54.2,0
188,0,25.2,50.3,0
87,0,25.7,51.4,0
397,0,39.6,34.5,1
8,0,23.6,69.7,0
245,0,50.9,36.2,1
112,0,30.4,52.2,0
134,0,26.3,68.8,0
701,1,95.3,15.0,2
906,1,92.1,21.1,2
883,1,60.8,14.6,2
131,0,34.7,60.5,0
919,1,79.6,17.7,2
213,0,39.9,28.8,1
203,0,50.8,37.3,1
232,0,41.2,37.8,1
942,1,64.2,20.6,2
1019,1,93.1,21.0,2
363,0,39.7,33.8,1
225,0,40.1,32.2,1
271,0,39.7,27.5,1
608,1,83.6,16.2,2
47,0,26.0,42.3,0
583,1,95.8,16.2,2
53,0,20.7,58.7,0
785,1,96.9,11.7,2
983,1,76.7,22.9,2
387,0,42.5,26.8,1
842,1,90.8,16.9,2
492,0,49.5,25.4,1
749,1,87.0,18.9,2
91,0,27.8,41.4,0
304,0,42.7,26.7,1
110,0,33.0,54.9,0
586,1,96.0,19.4,2
413,0,35.4,35.8,1
110,0,25.7,70.0,0
918,1,86.0,17.5,2
112,0,20.7,43.2,0
398,0,38.2,26.4,1
693,1,71.3,22.8,2
191,0,23.5,52.7,0
459,0,49.6,33.3,1
407,0,39.7,29.7,1
216,0,36.7,32.8,1
483,0,50.2,34.2,1
785,1,91.8,10.7,2
120,0,28.9,56.1,0
776,1,89.2,19.5,2
458,0,51.6,29.8,1
138,0,29.8,56.2,0
23,0,33.0,66.5,0
115,0,29.0,59.3,0
234,0,39.6,40.0,1
231,0,38.2,34.2,1
470,0,39.6,33.4,1
239,0,38.0,25.2,1
281,0,38.4,26.8,1
160,0,20.6,55.4,0
313,0,45.8,30.6,1
201,0,45.8,33.2,1
157,0,28.2,59.2,0
422,0,37.8,31.8,1
403,0,38.1,33.8,1
304,0,52.6,34.2,1
26,0,25.3,45.5,0
0,0,28.0,63.1,0
573,1,74.3,22.4,2
401,0,47.4,35.9,1
283,0,43.0,29.1,1
145,0,20.7,50.7,0
279,0,52.8,37.1,1
641,1,72.9,13.2,2
460,0,40.1,30.4,1
21,0,28.1,55.9,0
216,0,46.1,35.3,1
169,0,34.5,57.6,0
92,0,33.1,50.4,0
111,0,33.7,44.1,0
344,0,52.3,35.9,1
26,0,21.4,60.8,0
175,0,23.4,60.7,0
196,0,32.5,47.5,0
874,1,75.6,24.1,2
123,0,21.9,61.2,0
224,0,46.3,37.2,1
610,1,74.4,21.6,2
612,1,80.3,14.4,2
430,0,48.2,39.9,1
776,1,82.9,16.1,2
472,0,54.6,29.6,1
936,1,56.9,21.8,2
227,0,51.2,26.2,1
224,0,35.4,38.5,1
7,0,28.5,64.8,0
481,0,43.5,39.7,1
439,0,38.0,36.1,1
470,0,48.5,38.6,1
993,1,74.7,15.5,2
518,1,70.2,17.8,2
199,0,28.3,61.6,0
89,0,34.8,63.4,0
540,1,72.6,18.3,2
853,1,73.7,10.3,2
127,0,26.9,65.2,0
362,0,45.5,36.0,1
86,0,31.1,66.6,0
103,0,28.4,68.0,0
144,0,26.8,62.1,0
833,1,63.2,24.1,2
314,0,53.3,37.7,1
358,0,48.1,35.3,1
103,0,28.2,51.9,0
627,1,78.3,13.9,2
819,1,83.8,22.6,2
456,0,37.1,34.8,1
604,1,82.9,22.0,2
512,1,60.3,21.2,2
2,0,28.3,63.2,0
362,0,40.6,38.0,1
407,0,44.1,30.2,1
103,0,24.7,57.6,0
23,0,32.0,57.2,0
319,0,52.0,39.3,1
169,0,34.5,55.2,0
782,1,56.4,15.8,2
435,0,40.3,29.2,1
415,0,54.9,26.6,1
377,0,47.1,29.0,1
198,0,28.5,45.5,0
61,0,26.5,42.3,0
329,0,41.8,28.4,1
968,1,60.0,19.1,2
257,0,43.8,30.6,1
116,0,22.0,59.3,0
540,1,60.8,10.2,2
3,0,25.2,56.2,0
13,0,20.2,46.9,0
441,0,42.2,34.6,1
161,0,33.3,56.0,0
466,0,53.0,36.2,1
973,1,62.1,19.6,2
435,0,44.5,39.2,1
793,1,72.6,24.4,2
1010,1,78.9,24.1,2
217,0,36.3,31.3,1
253,0,50.9,34.5,1
426,0,44.5,38.9,1
646,1,87.5,20.9,2
646,1,59.3,10.2,2
27,0,22.4,57.6,0
171,0,32.3,61.4,0
369,0,41.6,31.5,1
362,0,36.4,29.0,1
71,0,24.4,64.2,0
92,0,30.5,56.2,0
321,0,54.1,33.3,1
357,0,42.9,26.0,1
640,1,70.0,20.6,2
713,1,74.4,20.7,2
975,1,71.4,17.3,2
70,0,24.1,43.1,0
477,0,47.9,29.5,1
398,0,47.7,36.8,1
187,0,26.5,64.8,0
1,0,24.0,44.2,0
894,1,56.5,22.3,2
68,0,26.2,66.3,0
146,0,34.4,61.6,0
41,0,25.3,47.1,0
759,1,80.2,16.2,2
180,0,21.6,52.1,0
40,0,34.0,58.0,0
964,1,80.4,21.0,2
147,0,22.5,50.9,0
836,1,77.5,17.0,2
121,0,21.2,40.5,0
202,0,50.0,35.3,1
801,1,64.9,14.9,2
173,0,28.8,42.1,0
789,1,78.5,22.1,2
228,0,52.4,27.3,1
526,1,72.4,10.9,2
89,0,32.7,43.7,0
390,0,38.9,27.7,1
500,1,88.9,15.2,2
418,0,53.1,32.4,1
74,0,28.7,55.5,0
522,1,79.0,16.2,2
590,1,79.5,13.1,2
346,0,41.9,36.8,1
951,1,58.8,23.7,2
20,0,23.8,65.3,0
374,0,51.4,27.0,1
525,1,88.2,18.5,2
3,0,28.0,45.8,0
134,0,26.2,43.1,0
258,0,38.6,32.3,1
823,1,79.8,12.2,2
95,0,32.4,54.1,0
667,1,79.7,23.7,2
564,1,94.1,11.0,2
842,1,73.5,22.7,2
673,1,57.7,15.7,2
432,0,43.5,37.4,1
1013,1,97.5,24.7,2
445,0,47.4,32.9,1
858,1,65.3,11.7,2
610,1,85.2,17.9,2
208,0,51.5,33.4,1
432,0,35.1,30.6,1
562,1,84.7,13.8,2
159,0,22.5,68.9,0
772,1,69.7,16.1,2
100,0,23.8,66.0,0
190,0,29.7,57.3,0
62,0,27.2,65.1,0
211,0,46.9,25.7,1
442,0,47.7,29.8,1
480,0,47.8,27.3,1
192,0,30.2,67.6,0
374,0,45.2,37.0,1
392,0,41.5,29.8,1
920,1,62.9,14.1,2
244,0,48.4,38.1,1
903,1,80.9,22.1,2
206,0,38.3,27.7,1
351,0,42.1,39.6,1
20,0,27.2,41.5,0
57,0,28.8,45.6,0
102,0,24.8,46.8,0
48,0,31.4,63.9,0
857,1,57.3,24.4,2
236,0,38.4,36.1,1
263,0,48.2,28.4,1
283,0,37.7,27.5,1
107,0,25.9,49.3,0
359,0,36.8,26.4,1
47,0,28.6,58.4,0
580,1,79.2,21.8,2
273,0,37.2,28.5,1
39,0,34.2,45.0,0
509,1,68.9,19.5,2
128,0,33.6,65.8,0
996,1,94.5,17.4,2
744,1,78.2,23.2,2
186,0,26.2,65.8,0
163,0,21.4,67.2,0
103,0,28.4,57.8,0
74,0,29.1,53.1,0
879,1,56.4,16.8,2
147,0,30.5,40.1,0
804,1,83.0,13.1,2
380,0,48.1,34.9,1
208,0,44.6,30.9,1
949,1,93.1,23.0,2
258,0,43.6,34.7,1
21,0,20.5,62.8,0
617,1,73.3,22.4,2
65,0,30.6,67.6,0
57,0,24.5,62.1,0
405,0,45.4,34.0,1
61,0,28.6,65.1,0
826,1,79.4,13.1,2
133,0,32.6,57.3,0
1016,1,68.3,10.2,2
43,0,33.4,63.4,0
211,0,52.2,29.8,1
695,1,96.4,15.6,2
410,0,36.5,36.1,1
346,0,49.9,32.1,1
1,0,22.6,53.6,0
824,1,72.7,16.9,2
361,0,48.4,37.7,1
122,0,23.9,59.0,0
183,0,21.1,56.6,0
606,1,89.2,11.7,2
34,0,23.6,43.1,0
530,1,80.2,13.3,2
324,0,41.5,28.7,1
778,1,89.2,13.2,2
120,0,27.2,49.3,0
107,0,34.5,46.1,0
135,0,29.3,58.1,0
954,1,58.8,10.0,2
484,0,43.9,38.6,1
424,0,47.6,36.4,1
984,1,91.4,11.8,2
513,1,87.1,13.0,2
385,0,51.3,37.6,1
460,0,42.6,36.1,1
191,0,32.6,46.2,0
373,0,39.5,33.4,1
221,0,36.6,34.6,1
430,0,54.1,35.2,1
929,1,72.0,21.8,2
5,0,30.3,59.5,0
831,1,72.8,19.6,2
766,1,66.5,14.3,2
17,0,25.3,53.9,0
288,0,50.3,30.1,1
38,0,21.1,52.1,0
428,0,53.6,28.2,1
894,1,98.5,15.2,2
260,0,38.2,36.3,1
150,0,23.7,57.4,0
207,0,45.0,31.5,1
189,0,23.5,46.4,0
52,0,28.7,61.7,0
928,1,63.1,21.8,2
626,1,67.1,11.5,2
226,0,38.8,29.7,1
110,0,29.9,63.4,0
158,0,25.7,64.7,0
544,1,63.1,23.0,2
111,0,33.2,54.9,0
673,1,60.7,15.6,2
123,0,31.2,56.8,0
993,1,83.9,13.1,2
777,1,59.1,21.3,2
713,1,86.9,10.8,2
376,0,44.6,29.4,1
803,1,89.7,21.1,2
469,0,51.2,33.5,1
862,1,71.5,17.7,2
602,1,95.5,19.0,2
297,0,43.8,36.4,1
174,0,33.5,41.1,0
450,0,37.4,30.4,1
583,1,84.0,24.8,2
879,1,97.9,13.2,2
98,0,22.7,64.1,0
492,0,45.4,32.3,1
133,0,20.3,61.4,0
574,1,62.7,18.8,2
966,1,88.1,24.0,2
369,0,42.6,25.0,1
907,1,70.9,14.2,2
208,0,37.4,27.7,1
162,0,23.9,40.4,0
261,0,37.9,25.7,1
278,0,41.7,26.9,1
249,0,54.2,37.4,1
189,0,29.2,60.8,0
820,1,55.7,22.3,2
244,0,54.1,27.1,1
635,1,93.6,11.3,2
886,1,91.4,22.5,2
624,1,63.0,21.0,2
87,0,29.4,69.9,0
193,0,27.5,48.2,0
329,0,37.0,34.8,1
206,0,45.7,36.7,1
54,0,30.7,60.5,0
61,0,32.6,67.4,0
210,0,37.7,27.3,1
226,0,53.1,32.1,1
128,0,31.2,52.7,0
588,1,66.4,24.9,2
262,0,40.1,38.9,1
321,0,42.3,32.6,1
221,0,49.6,36.1,1
854,1,98.8,12.8,2
310,0,48.3,26.4,1
442,0,47.1,27.5,1
745,1,81.7,17.7,2
965,1,69.1,23.5,2
998,1,98.0,21.5,2
779,1,85.6,21.6,2
147,0,25.9,69.6,0
186,0,32.3,55.6,0
151,0,20.8,40.2,0
952,1,97.2,15.6,2
20,0,28.8,42.3,0
223,0,38.4,32.4,1
639,1,68.3,18.0,2
329,0,46.0,37.4,1
128,0,33.7,56.7,0
91,0,33.2,53.8,0
156,0,32.3,44.3,0
212,0,40.9,35.4,1
37,0,22.3,54.3,0
146,0,34.8,61.9,0
467,0,51.7,26.7,1
693,1,95.3,11.6,2
700,1,67.1,19.1,2
421,0,35.0,27.9,1
576,1,98.0,15.0,2
37,0,28.0,62.8,0
440,0,39.9,35.1,1
859,1,83.6,11.1,2
112,0,24.4,55.2,0
112,0,27.9,50.0,0
842,1,85.2,17.4,2
876,1,78.7,21.8,2
52,0,29.5,62.2,0
911,1,84.3,13.8,2
80,0,25.1,59.0,0
608,1,92.3,11.2,2
139,0,27.1,62.0,0
318,0,50.1,29.7,1
94,0,34.0,56.3,0
204,0,50.4,28.9,1
318,0,53.0,34.4,1
150,0,28.3,51.4,0
53,0,31.5,67.0,0
603,1,61.5,13.3,2
220,0,46.9,25.5,1
261,0,41.4,33.1,1
236,0,40.3,39.8,1
102,0,23.7,64.0,0
150,0,31.4,60.5,0
37,0,20.5,65.4,0
436,0,39.9,36.4,1
945,1,79.3,23.3,2
278,0,39.1,30.7,1
4,0,25.2,61.5,0
287,0,45.2,37.9,1
622,1,91.2,21.2,2
310,0,52.2,29.7,1
357,0,49.4,35.5,1
301,0,41.8,27.1,1
243,0,54.4,25.4,1
586,1,95.6,12.5,2
991,1,90.2,19.2,2
150,0,31.0,67.4,0
122,0,30.4,57.0,0
375,0,35.3,34.9,1
481,0,47.9,34.2,1
654,1,90.3,18.0,2
52,0,22.7,51.4,0
373,0,36.8,30.9,1
355,0,53.8,39.5,1
692,1,64.6,13.5,2
302,0,51.4,28.8,1
1019,1,82.1,15.0,2
617,1,99.2,10.5,2
8,0,23.2,56.1,0
413,0,41.9,28.2,1
36,0,20.5,54.4,0
10,0,33.7,44.0,0
353,0,39.2,27.4,1
134,0,31.2,43.5,0
96,0,27.7,41.3,0
475,0,43.9,25.0,1
50,0,31.5,48.8,0
64,0,29.8,54.8,0
106,0,28.3,42.6,0
316,0,49.7,31.3,1
942,1,82.1,21.1,2
88,0,20.9,62.4,0
127,0,20.2,61.0,0
703,1,82.4,11.4,2
440,0,42.0,29.8,1
647,1,55.6,14.8,2
403,0,42.8,32.2,1
678,1,76.1,17.9,2
346,0,42.7,34.0,1
165,0,30.9,68.5,0
108,0,25.3,61.7,0
940,1,87.6,20.9,2
109,0,32.6,65.4,0
95,0,27.4,50.0,0
32,0,28.5,48.6,0
803,1,92.2,14.2,2
283,0,47.1,31.0,1
382,0,47.4,37.0,1
322,0,46.5,29.2,1
17,0,26.4,43.2,0
265,0,43.4,34.8,1
444,0,54.5,31.7,1
196,0,33.0,54.2,0
552,1,82.7,21.6,2
136,0,20.8,65.2,0
323,0,46.9,29.2,1
276,0,49.4,26.9,1
129,0,20.1,50.1,0
812,1,92.9,21.2,2
548,1,57.0,16.1,2
160,0,28.7,52.4,0
1,0,26.6,64.6,0
213,0,52.5,33.4,1
14,0,32.6,49.6,0
824,1,83.5,17.8,2
332,0,47.3,30.8,1
700,1,93.7,18.2,2
964,1,57.0,24.7,2
352,0,35.3,38.4,1
976,1,100.0,18.3,2
395,0,38.5,27.6,1
265,0,36.5,30.1,1
898,1,78.2,22.7,2
831,1,85.4,15.3,2
174,0,30.5,53.6,0
29,0,27.7,46.6,0
123,0,28.7,50.9,0
721,1,67.5,23.7,2
786,1,94.7,10.7,2
615,1,57.8,16.7,2
319,0,54.8,31.3,1
595,1,55.9,14.8,2
461,0,42.9,36.3,1
142,0,23.2,62.3,0
240,0,51.5,31.9,1
342,0,46.5,26.4,1
693,1,79.5,13.2,2
159,0,32.2,54.8,0
476,0,50.8,31.1,1
920,1,72.2,10.1,2
211,0,40.6,27.5,1
548,1,67.0,21.1,2
356,0,43.9,36.7,1
794,1,69.0,14.2,2
330,0,47.6,26.3,1
219,0,36.4,37.6,1
149,0,20.4,54.7,0
61,0,21.9,44.2,0
32,0,28.1,57.9,0
194,0,25.7,43.4,0
793,1,98.3,10.2,2
853,1,99.2,20.1,2
199,0,26.5,54.0,0
32,0,27.4,58.0,0
704,1,91.7,20.6,2
626,1,80.6,22.3,2
380,0,50.1,34.4,1
189,0,23.6,56.7,0
112,0,29.5,67.5,0
368,0,52.9,36.7,1
29,0,30.3,60.1,0
982,1,65.1,24.3,2
939,1,89.8,10.2,2
286,0,37.5,37.1,1
902,1,90.9,21.8,2
276,0,37.5,25.3,1
45,0,26.0,53.2,0
50,0,26.5,40.1,0
375,0,47.9,37.2,1
35,0,21.7,58.1,0
783,1,73.0,20.5,2
27,0,23.3,41.0,0
130,0,33.3,69.3,0
359,0,36.8,28.4,1
72,0,22.8,58.2,0
154,0,23.8,58.7,0
409,0,48.4,28.0,1
457,0,51.5,34.0,1
974,1,72.8,21.9,2
626,1,73.7,17.0,2
944,1,63.4,20.3,2
703,1,68.9,14.4,2
239,0,54.0,33.1,1
857,1,60.5,18.4,2
47,0,27.5,48.0,0
799,1,92.8,24.7,2
234,0,50.6,33.0,1
722,1,68.6,10.4,2
129,0,25.9,69.7,0
20,0,23.8,61.3,0
128,0,20.3,47.9,0
732,1,90.2,16.9,2
246,0,53.4,28.3,1
911,1,65.2,21.0,2
45,0,22.2,55.7,0
197,0,29.7,68.3,0
189,0,26.2,51.1,0
240,0,53.0,31.0,1
240,0,47.3,26.6,1
574,1,83.3,10.1,2
94,0,31.1,57.2,0
425,0,46.0,38.2,1
843,1,69.9,13.4,2
940,1,66.1,17.0,2
211,0,35.0,30.4,1
58,0,24.1,42.6,0
558,1,77.3,21.2,2
970,1,58.2,22.4,2
164,0,31.1,57.6,0
791,1,72.1,15.8,2
756,1,76.7,21.6,2
727,1,57.1,13.1,2
387,0,38.9,27.5,1
540,1,87.7,13.1,2
978,1,86.4,17.8,2
740,1,62.3,18.6,2
521,1,69.0,15.7,2
619,1,60.2,24.7,2
291,0,47.9,25.7,1
70,0,34.9,65.9,0
202,0,50.5,27.9,1
676,1,58.2,12.0,2
85,0,31.1,54.0,0
534,1,94.0,17.8,2
330,0,48.8,26.8,1
868,1,99.6,14.0,2
840,1,58.4,22.9,2
767,1,82.3,23.7,2
831,1,90.0,21.6,2
697,1,64.2,17.7,2
131,0,29.0,58.2,0
625,1,97.9,23.3,2
624,1,66.1,18.7,2
230,0,45.6,35.9,1
80,0,25.8,54.6,0
52,0,21.6,58.1,0
530,1,75.6,16.2,2
575,1,92.0,16.7,2
88,0,23.1,62.6,0
251,0,38.8,30.6,1
352,0,49.7,34.0,1
271,0,40.1,28.4,1
214,0,51.6,31.4,1
519,1,75.7,19.7,2
765,1,69.2,23.7,2
377,0,54.1,27.9,1
27,0,20.6,64.8,0
59,0,33.7,52.3,0
95,0,21.4,46.8,0
341,0,48.8,28.9,1
587,1,97.1,16.1,2
11,0,28.3,66.9,0
687,1,61.4,16.5,2
365,0,35.5,33.4,1
802,1,67.2,16.4,2
182,0,24.0,49.7,0
102,0,29.2,41.5,0
159,0,34.6,52.4,0
189,0,22.9,57.8,0
468,0,37.2,32.3,1
488,0,48.5,36.3,1
146,0,27.2,69.2,0
163,0,21.4,58.3,0
944,1,68.1,15.3,2
663,1,92.0,17.0,2
881,1,63.2,16.6,2
487,0,35.3,25.9,1
408,0,36.9,39.7,1
950,1,76.7,19.8,2
638,1,88.8,17.7,2
714,1,77.8,22.4,2
167,0,22.0,62.3,0
352,0,51.4,35.9,1
160,0,33.5,63.1,0
843,1,93.5,16.4,2
397,0,45.6,32.8,1
51,0,21.2,49.3,0
937,1,96.8,23.9,2
450,0,43.9,38.2,1
687,1,76.7,22.4,2
933,1,98.2,15.8,2
483,0,51.0,30.7,1
245,0,53.8,29.4,1
889,1,74.4,10.2,2
789,1,79.7,16.9,2
484,0,43.5,35.5,1
275,0,40.6,36.2,1
856,1,77.4,13.0,2
795,1,70.2,18.0,2
488,0,44.5,35.2,1
931,1,77.4,18.7,2
406,0,39.4,34.8,1
822,1,64.0,19.1,2
178,0,30.2,45.6,0
123,0,34.4,45.0,0
558,1,77.6,24.5,2
574,1,77.4,23.1,2
26,0,24.8,59.4,0
202,0,46.7,28.8,1
767,1,57.7,16.3,2
950,1,85.3,22.1,2
789,1,62.2,22.9,2
289,0,38.1,36.3,1
425,0,48.0,38.2,1
115,0,25.7,51.9,0
245,0,43.2,39.7,1
14,0,34.4,67.3,0
213,0,42.8,25.1,1
891,1,93.4,16.2,2
151,0,31.2,55.8,0
682,1,70.4,18.2,2
59,0,31.4,61.6,0
147,0,26.3,50.6,0
848,1,87.9,22.5,2
264,0,36.8,35.0,1
11,0,28.2,46.8,0
179,0,21.2,43.1,0
800,1,84.1,20.4,2
186,0,33.8,41.0,0
683,1,89.4,13.4,2
24,0,29.7,69.7,0
661,1,59.5,24.1,2
129,0,30.5,50.2,0
359,0,52.5,36.8,1
179,0,32.7,51.0,0
135,0,30.2,52.3,0
487,0,40.9,39.5,1
529,1,93.9,20.8,2
836,1,71.3,11.1,2
298,0,48.3,27.7,1
305,0,53.7,30.2,1
582,1,85.5,14.6,2
162,0,29.3,54.2,0
441,0,42.9,38.1,1
292,0,39.7,39.7,1
701,1,55.6,23.6,2
294,0,47.2,36.9,1
488,0,39.5,31.4,1
529,1,83.1,21.2,2
524,1,73.7,19.9,2
200,0,45.3,33.4,1
347,0,46.3,36.9,1
999,1,76.7,24.8,2
228,0,38.6,25.8,1
326,0,37.4,38.5,1
394,0,50.5,25.2,1
312,0,53.4,28.1,1
683,1,94.6,16.1,2
391,0,50.4,27.7,1
492,0,51.2,36.1,1
687,1,67.1,12.4,2
255,0,37.2,37.5,1
153,0,30.2,69.9,0
864,1,99.7,14.9,2
484,0,36.2,39.1,1
299,0,40.3,33.7,1
879,1,69.9,18.1,2
518,1,94.6,10.4,2
934,1,80.3,22.9,2
51,0,34.7,48.2,0
31,0,25.1,42.7,0
484,0,36.7,34.3,1
790,1,89.3,20.0,2
126,0,25.0,51.9,0
317,0,44.0,38.6,1
869,1,100.0,15.3,2
882,1,56.2,16.6,2
279,0,38.2,26.7,1
405,0,41.0,30.1,1
522,1,59.9,21.1,2
427,0,37.7,38.5,1
387,0,53.7,31.7,1
40,0,32.2,63.4,0
764,1,93.0,21.7,2
492,0,48.7,32.2,1
354,0,44.6,25.4,1
581,1,68.1,16.8,2
986,1,83.6,16.1,2
757,1,87.6,12.2,2
320,0,37.1,26.9,1
159,0,26.0,54.9,0
100,0,31.1,63.7,0
616,1,64.2,11.9,2
50,0,22.0,56.5,0
664,1,75.0,16.2,2
159,0,25.8,44.2,0
190,0,21.3,62.1,0
8,0,34.5,57.2,0
425,0,53.8,26.7,1
113,0,25.7,41.6,0
473,0,48.6,34.3,1
979,1,63.6,23.9,2
401,0,45.0,30.1,1
423,0,38.7,27.2,1
171,0,20.7,64.0,0
103,0,26.0,67.5,0
601,1,87.7,10.6,2
367,0,49.3,32.5,1
159,0,28.0,55.6,0
2,0,30.6,52.8,0
486,0,51.5,36.4,1
186,0,23.3,45.9,0
492,0,51.6,35.5,1
828,1,81.6,10.6,2
817,1,72.2,22.3,2
118,0,25.2,68.7,0
249,0,45.5,30.1,1
53,0,29.6,45.5,0
568,1,57.6,20.2,2
267,0,53.5,31.2,1
754,1,76.4,18.2,2
184,0,28.8,67.0,0
947,1,91.2,18.1,2
95,0,27.2,63.0,0
186,0,20.8,67.7,0
442,0,48.6,37.3,1
376,0,37.1,25.2,1
349,0,50.7,29.8,1
565,1,60.6,18.8,2
298,0,40.5,34.5,1
878,1,72.4,18.2,2
608,1,95.6,20.4,2
564,1,61.7,20.7,2
185,0,32.0,62.6,0
187,0,26.9,68.0,0
370,0,35.8,30.8,1
448,0,53.6,32.7,1
653,1,63.4,14.6,2
81,0,34.2,66.4,0
739,1,64.3,16.4,2
203,0,37.8,35.6,1
200,0,49.9,30.7,1
197,0,22.0,67.3,0
99,0,21.1,57.3,0
193,0,21.0,44.6,0
207,0,43.9,33.2,1
66,0,31.1,51.5,0
44,0,30.3,41.0,0
937,1,96.9,20.6,2
87,0,30.1,61.6,0
360,0,42.8,32.5,1
780,1,59.4,12.3,2
981,1,87.4,12.6,2
425,0,47.6,31.5,1
521,1,85.5,11.4,2
286,0,52.0,34.2,1
671,1,78.7,16.6,2
197,0,25.0,50.5,0
926,1,71.0,15.2,2
499,0,43.6,37.9,1
222,0,46.6,26.6,1
512,1,55.5,15.6,2
289,0,46.7,29.7,1
860,1,65.9,21.6,2
201,0,48.0,25.5,1
163,0,31.7,46.6,0
157,0,24.9,56.1,0
322,0,41.3,26.6,1
143,0,24.1,42.0,0
694,1,61.2,10.1,2
53,0,27.2,40.0,0
819,1,85.4,21.8,2
181,0,21.9,69.4,0
292,0,44.0,25.9,1
171,0,33.0,61.8,0
931,1,75.5,17.5,2
687,1,75.2,19.0,2
14,0,28.1,50.0,0
194,0,33.1,49.4,0
239,0,47.2,33.4,1
71,0,34.5,50.3,0
664,1,95.7,23.2,2
556,1,66.4,18.7,2
874,1,93.3,12.0,2
761,1,97.7,19.4,2
582,1,59.4,20.9,2
